"userID "," ресторан "," weekday"," ordered "," Столик для "
b912c3c6a6ad,Iskra Bar,Monday,10:00,1
2dac0150717d,Iskra Bar,Monday,13:30,2
ba83aefab5dc,Iskra Bar,Tuesday,12:30,3
02996f1dd2ea,Iskra Bar,Wednesday,12:00,2
7c90be56d2ab,Iskra Bar,Thursday,14:30,3
51e0962387f7,Там Ем,Friday,12:30,2
c4f260a2b48a,,Saturday,15:00,6
6b71309d6a8a,Крафтейнер,Monday,10:30,1
c5b969cb63a2,Бар Сибирь,Wednesday,15:30,2
b1570962e68c,Бар Сибирь,Wednesday,12:30,3
d5480bb4a6e4,Бар Сибирь,Thursday,10:00,1
86f41f50d8c1,,Saturday,11:00,1
645237cb3601,Северия,Wednesday,15:30,2
df2116f34563,Северия,Wednesday,16:00,4
a97943ae8158,Коворкафе,Tuesday,11:30,2
4b6abd0a5921,Азия,Friday,14:30,3
7896ef8fe482,Коворкафе,Thursday,12:30,1
7882b1e77748,Северия,Saturday,13:00,2
071e1ed13c5c,Северия,Sunday,12:00,3
0658628930d4,Северия,Monday,14:30,1
ea12aec32ec3,Северия,Tuesday,12:30,4
838a82cec0a6,,Wednesday,13:00,4
838a82cec0a6,,Wednesday,13:00,4
838a82cec0a6,,Wednesday,13:00,4
838a82cec0a6,,Wednesday,13:00,4
838a82cec0a6,,Wednesday,13:00,4
de310e6aae86,Северия,Thursday,12:00,2
08b24e170109,Северия,Saturday,11:00,3
065a4daba35f,Бар Сибирь,Tuesday,13:30,1
990113ae4f1c,Крафтейнер,Monday,13:30,1
78164bc09657,Там Ем,Sunday,15:30,1
fbe29970a8a5,Бар Сибирь,Friday,16:00,3
71d9399b59a2,Iskra Bar,Wednesday,14:30,2
4941f0385575,Искра,Tuesday,12:00,3
af9d5b0eadc9,Бар Сибирь,Wednesday,13:00,3
1b080aa4a17d,Северия,Tuesday,13:30,2
d0e88acda491,Азия,Wednesday,14:30,1
c559542570bd,Коворкафе,Wednesday,14:30,4
2285e797fe2d,Iskra Bar,Thursday,12:30,2
3cb58a3d1d60,,Monday,10:30,2
f5259a31c938,Коворкафе,Friday,14:30,1
dd65da44086c,Там Ем,Friday,13:30,4
f55eed4e831e,Крафтейнер,Wednesday,15:30,2
eddd320650f3,,Monday,14:00,1
078d07e4548b,Iskra Bar,Tuesday,15:30,3
b865b1ea7621,Там Ем,Wednesday,13:00,2
208faac9e776,,Tuesday,12:00,2
50ac2bb95f8d,Азия,Thursday,11:30,1
745d124338ae,Азия,Wednesday,14:30,2
75076ea12736,Iskra Bar,Tuesday,15:00,1
a58ab9e6a0b1,Там Ем,Monday,10:30,3
8c7c7596d7e5,Крафтейнер,Thursday,18:00,2
16cec7b5dc9d,Крафтейнер,Wednesday,16:30,1
a285d4daec8a,Крафтейнер,Wednesday,14:30,2
d4f6d088efb9,Северия,Friday,20:00,3
9a3f6028c653,Iskra Bar,Tuesday,13:00,2
fec4bda6b786,Iskra Bar,Wednesday,17:00,1
f2d19da921ff,Iskra Bar,Monday,19:00,3
0ee6e90e7b9d,Iskra Bar,Thursday,14:30,2
f893190597f3,Искра,Saturday,17:30,1
3e6e4c0c26f6,Крафтейнер,Friday,12:30,3
10664f10993a,Там Ем,Wednesday,18:00,2
161a8d6b87b5,Коворкафе,Tuesday,11:30,1
6da2b3d03321,Крафтейнер,Thursday,14:30,3
fc21a86b9bb0,Там Ем,Monday,19:00,3
ba36c5cf3336,Северия,Saturday,17:30,1
8a13866551b1,Iskra Bar,Thursday,20:00,2
f35aef7959d0,Iskra Bar,Saturday,18:00,3
601e7b35dfed,Iskra Bar,Tuesday,18:30,1
92013ca1fe79,Северия,Monday,19:00,3
c6239fc67a6f,Коворкафе,Thursday,20:00,2
b610c5d476af,Там Ем,Wednesday,20:30,2
ffed80fe1b77,Северия,Tuesday,19:30,1
a297b829b758,Крафтейнер,Monday,21:00,3
120b06793d93,Азия,Friday,12:00,2
88b2838cc050,Северия,Thursday,20:30,3
4b7ce4918084,Азия,Saturday,13:30,2
57d83077c16a,Iskra Bar,Monday,14:00,2
1298ab2ff7f3,Iskra Bar,Wednesday,21:00,1
083d89d7973b,Iskra Bar,Thursday,12:00,5
6eccf4e3d546,Там Ем,Friday,13:00,6
a58ad095e488,Северия,Tuesday,14:30,2
8b953c3f75e8,Северия,Friday,14:30,2
1d4c56733bb0,Там Ем,Tuesday,15:00,3
f1ae3fabeac4,Коворкафе,Wednesday,12:30,2
8748a34a3eba,Iskra Bar,Thursday,13:00,1
ef7794e4f020,Iskra Bar,Monday,12:00,2
1ce37a04b861,Iskra Bar,Wednesday,10:00,1
04acc48b9874,Бар Сибирь,Tuesday,13:00,1
51bb5a9341fa,Бар Сибирь,Wednesday,21:00,1
9c55e724b099,Бар Сибирь,Friday,20:30,1
f6f51a849a77,Крафтейнер,Saturday,18:00,1
922ae87e4770,Iskra Bar,Sunday,20:30,2
6d5d774c9025,Iskra Bar,Tuesday,18:00,3
22153ade0f4a,,Monday,16:30,2
22153ade0f4a,,Monday,16:30,2
22153ade0f4a,,Monday,16:30,2
4702f3941947,Искра,Saturday,17:00,3
c2468f15b136,Iskra Bar,Friday,19:30,3
442247da38df,Iskra Bar,Thursday,10:30,1
e82d211653ae,Крафтейнер,Wednesday,18:30,3
e885c2139fda,Крафтейнер,Tuesday,16:30,1
c4e2543626b0,Коворкафе,Monday,19:30,2
887ff33257b6,Там Ем,Thursday,14:30,1
ea825b3567f1,Бар Сибирь,Wednesday,18:30,1
6470e4127e29,Северия,Thursday,11:30,2
a2d36e02a7e2,Iskra Bar,Wednesday,17:00,1
2426007b7f82,Iskra Bar,Wednesday,19:00,2
699d20cdf8ce,Коворкафе,Tuesday,18:00,3
a5a6616d8bbf,Крафтейнер,Wednesday,14:00,1
24bb818a2a33,Коворкафе,Tuesday,12:30,2
b07da63c21e2,Крафтейнер,Wednesday,14:30,1
1759e0208e02,Iskra Bar,Thursday,13:30,1
8dbd34186db0,Там Ем,Friday,14:00,2
cf791917a7c8,Северия,Wednesday,15:30,2
843452a6917e,Крафтейнер,Monday,16:00,1
7f06b74c3815,Iskra Bar,Friday,12:30,3
e3ecd80198e6,Iskra Bar,Thursday,10:30,2
a05397b9d4b0,Iskra Bar,Saturday,12:00,1
83f15342ba4c,Iskra Bar,Thursday,13:30,2
34de7a64747f,Iskra Bar,Tuesday,13:00,2
e838231629b5,Северия,Monday,15:30,1
44e987cf2cf6,Северия,Wednesday,14:30,3
5c9dec05efbd,Там Ем,Monday,15:30,1
1eb3cd02a497,Там Ем,Saturday,15:00,2
3e581b61caec,Там Ем,Friday,16:30,3
f271b52c1d3d,Iskra Bar,Wednesday,14:30,1
7c8febbbca7c,Коворкафе,Tuesday,12:30,2
db89df39cc0a,Коворкафе,Wednesday,15:30,2
22c43aa45683,Крафтейнер,Wednesday,13:00,1
37b08ca3e2e8,Бар Сибирь,Tuesday,14:30,1
fc76aa51150d,Искра,Tuesday,15:30,2
30d4e0466471,Коворкафе,Wednesday,13:00,2
5009d2db1374,Северия,Friday,12:00,1
38fbcf46bc0e,Iskra Bar,Thursday,17:00,3
8c916c0e8584,Крафтейнер,Thursday,15:00,2
abb6fdb11aa9,,Wednesday,16:30,2
abb6fdb11aa9,,Wednesday,16:30,2
abb6fdb11aa9,,Wednesday,16:30,2
abb6fdb11aa9,,Wednesday,16:30,2
2b13b532982f,Бар Сибирь,Wednesday,14:30,1
2b3c42da4695,Iskra Bar,Thursday,15:30,2
0c482dd74aea,Там Ем,Tuesday,14:00,3
1f44bd3f45c4,Крафтейнер,Thursday,17:00,1
aee328ab0cf6,Коворкафе,Wednesday,16:00,2
10ddf3475d19,Iskra Bar,Tuesday,14:30,2
372778d7a7dd,Iskra Bar,Monday,14:00,1
2579aaa66bd2,Азия,Friday,14:30,3
4adb77a12c26,Коворкафе,Tuesday,13:00,2
73a8ca76c28b,Крафтейнер,Wednesday,15:00,1
40d70d5e2e82,Iskra Bar,Monday,15:30,3
9f27d4620da0,Северия,Thursday,14:30,2
8d214da118e7,Крафтейнер,Tuesday,16:00,1
989337217d66,Iskra Bar,Wednesday,13:00,2
0428a9706987,Бар Сибирь,Monday,13:30,1
44e9247352e7,Крафтейнер,Thursday,14:30,1
759d4e5ba826,Iskra Bar,Friday,15:30,1
258b5172a67b,Iskra Bar,Tuesday,15:00,3
78cd3b085530,Iskra Bar,Thursday,15:30,2
12e83f3560ce,Iskra Bar,Wednesday,16:30,1
faca2386e135,Iskra Bar,Thursday,14:30,1
1800add1fd1e,Там Ем,Tuesday,15:00,2
6d179546b323,Крафтейнер,Wednesday,13:00,1
56a2e197a88a,Бар Сибирь,Thursday,16:30,1
fda5817dc0fa,Северия,Wednesday,13:30,2
016e96ac36c6,Азия,Friday,15:30,1
6b97ff912466,Там Ем,Wednesday,11:00,1
e1dbe99ed65c,Северия,Tuesday,10:30,2
981d8d6deb0b,Крафтейнер,Wednesday,10:00,2
93641f4f9c48,Искра,Thursday,10:30,1
0bbe294324af,Крафтейнер,Wednesday,15:30,3
66b378ae8e23,Бар Сибирь,Thursday,11:00,2
b97d37fc8b81,Северия,Monday,12:30,1
20426f2df0de,Северия,Friday,10:30,4
d84480f894a5,Северия,Saturday,17:30,1
c9330f78f8a5,Там Ем,Saturday,19:00,3
9f6010d063a0,Там Ем,Sunday,13:30,2
1683fe2490c7,Бар Сибирь,Monday,11:00,2
a9f82f644b22,Бар Сибирь,Tuesday,10:00,1
a243cb3a2553,Северия,Thursday,14:30,2
26c87d0cc2df,Азия,Wednesday,12:30,1
e4503f5172fe,Азия,Tuesday,13:30,1
58855dfa6d49,Коворкафе,Wednesday,13:00,1
2bef5deb2c5f,Азия,Monday,14:00,2
5540ad9fbe74,,Thursday,15:00,1
5540ad9fbe74,,Thursday,15:00,1
3ee84b5614ca,Там Ем,Wednesday,14:30,1
3c2b4dbc4c35,Бар Сибирь,Wednesday,13:30,2
98cf95b86bd7,Азия,Tuesday,13:00,1
b4e5a2a13c2a,Азия,Thursday,12:30,2
a47ce7f2de5a,Азия,Monday,16:00,1
d1798cbdad87,Iskra Bar,Thursday,15:30,3
fa8e6d852b43,Iskra Bar,Wednesday,14:30,2
846b862f9352,Азия,Tuesday,13:00,1
583e51812631,Крафтейнер,Friday,14:00,2
f506ad2516d0,Азия,Wednesday,14:30,1
c5ffd3470a50,Азия,Tuesday,14:30,3
010a44d6211d,Азия,Thursday,15:00,1
0aabbf3f55ec,Искра,Friday,12:30,2
e4e8b24a394f,Iskra Bar,Wednesday,16:00,2
e12d936bcbdd,Iskra Bar,Tuesday,14:30,1
85b007444f5a,Iskra Bar,Thursday,15:00,1
e891f5befeff,Iskra Bar,Thursday,14:30,2
629c310e8795,Iskra Bar,Tuesday,13:00,1
a9944f63fa64,Там Ем,Wednesday,12:00,2
034027ec3e04,Крафтейнер,Thursday,14:30,1
18b15ac939df,Бар Сибирь,Friday,15:30,2
fa8b69724b8c,Северия,Wednesday,14:30,1
7db71008c8a3,Коворкафе,Wednesday,12:00,3
0dfb9bc682af,Искр,Wednesday,12:00,2
19a31ff7fe31,Северия,Thursday,13:30,1
1e8c60aab28d,Коворкафе,Tuesday,12:30,1
838f294d91dc,Iskra Bar,Wednesday,12:00,2
d34777896738,Там Ем,Thursday,12:00,3
43d57903652b,Северия,Wednesday,11:00,1
97e5dba1a544,Там Ем,Tuesday,10:00,2
b4a030416810,Азия,Wednesday,12:00,1
44aa121e4559,Северия,Wednesday,13:30,2
6f7a782e5849,Крафтейнер,Friday,14:30,1
cdc79bd4d242,Iskra Bar,Thursday,14:30,2
f503c2a82b0d,Там Ем,Thursday,12:30,2
1eac7195d482,Бар Сибирь,Wednesday,11:30,1
e88625bf8d42,Крафтейнер,Tuesday,15:00,2
85a4cf6e31a5,Коворкафе,Tuesday,16:00,1
a74f5b9f170c,Азия,Wednesday,15:30,3
409a3e380065,Iskra Bar,Monday,15:30,2
176a846a51e5,Там Ем,Thursday,16:00,1
56e58e570255,Северия,Thursday,14:30,2
582af694e4a5,Iskra Bar,Wednesday,12:30,1
8dbe16c72a87,Крафтейнер,Tuesday,10:30,2
822717f339ec,Iskra Bar,Thursday,10:00,1
999d9913fe4d,,Monday,16:30,2
999d9913fe4d,,Monday,16:30,2
999d9913fe4d,,Monday,16:30,2
999d9913fe4d,,Monday,16:30,2
999d9913fe4d,,Monday,16:30,2
999d9913fe4d,,Monday,16:30,2
999d9913fe4d,,Monday,16:30,2
99590a93c60f,Бар Сибирь,Thursday,14:30,1
e79603a2563c,Бар Сибирь,Wednesday,12:30,2
f0944d3a052a,Искр,Tuesday,12:00,1
18421081e26d,Там Ем,Friday,15:00,3
42e15052fa6b,Крафтейнер,Thursday,14:00,2
48ae5a4bd784,Бар Сибирь,Wednesday,19:30,1
463086daf04f,Там Ем,Tuesday,18:30,1
94f9e5972f8d,Iskra Bar,Thursday,17:30,3
c9a86c548550,Северия,Tuesday,17:00,2
44db1bdc8cc9,,Monday,19:00,1
2029fdeed250,Крафтейнер,Friday,14:30,2
3d8b83eb3cc5,Северия,Friday,18:30,3
606d40e3a59e,Искр,Wednesday,21:00,1
7ad6e8e92189,Бар Сибирь,Tuesday,20:30,3
62451c03e0e0,Северия,Monday,18:30,1
f684c7832fc3,Там Ем,Thursday,19:30,2
3cce8a643d54,Северия,Wednesday,20:00,2
ed8e45b8f90e,Там Ем,Tuesday,20:30,1
086dc8add767,Бар Сибирь,Wednesday,18:00,2
2793e6d2ef0a,Iskra Bar,Saturday,14:30,2
26d521a1eb29,Там Ем,Sunday,21:00,2
504f5895460c,Там Ем,Saturday,18:30,2
bbbb0830d1e1,Северия,Thursday,19:30,1
f3b4d18bc3bc,Там Ем,Wednesday,20:30,2
01e9cc0169dc,Iskra Bar,Tuesday,20:00,1
096ddbb51ba2,Бар Сибирь,Thursday,19:00,1
2ceb6da27ba3,Там Ем,Friday,20:00,2
d838fa61f744,Северия,Wednesday,20:30,1
d1d5802b3de4,Iskra Bar,Tuesday,15:30,2
ffb51686ced3,Там Ем,Friday,13:00,1
bcc22c070deb,Iskra Bar,Thursday,14:30,2
c8b4f815ea21,Коворкафе,Monday,16:00,3
b16d1b27c975,Iskra Bar,Thursday,17:00,1
f59584c9ff64,Крафтейнер,Wednesday,14:30,2
8d1b96a26e4e,Iskra Bar,Tuesday,18:00,2
96c976472ddc,Северия,Thursday,11:30,5
baf58b86049a,Крафтейнер,Friday,17:00,1
3ca523dd06b1,Там Ем,Wednesday,18:30,1
14b2b19f40a7,Коворкафе,Tuesday,19:30,2
e8315cf14c94,Северия,Wednesday,20:30,2
637511cde27b,Крафтейнер,Thursday,20:00,1
60bb2ea7763a,Там Ем,Friday,20:00,2
fff8aef00661,Iskra Bar,Monday,21:00,1
e92fc1cd7e6d,Там Ем,Tuesday,17:00,3
e70da3997f5e,Искр,Monday,14:00,1
a968a9480a7c,Бар Сибирь,Wednesday,18:30,1
76651f09be39,Там Ем,Thursday,20:00,3
48478fb355e6,Азия,Tuesday,14:30,3
d8549ae64f00,Iskra Bar,Wednesday,18:00,2
8b28c85cdb8d,Там Ем,Monday,19:00,1
113baa0e0188,Крафтейнер,Wednesday,13:30,3
fadc4e4ec06f,Бар Сибирь,Wednesday,17:30,2
b12b8dee183a,,Saturday,17:00,2
d166efd1a370,Крафтейнер,Friday,13:30,1
db52cf3d245e,Искр,Thursday,15:00,2
f3f7a38dbe18,Северия,Wednesday,14:30,3
e04828936fc5,Крафтейнер,Tuesday,16:00,2
8071ae46e1fc,Северия,Monday,17:00,1
35f011d65bb8,Крафтейнер,Saturday,15:30,3
ef11a927e943,Бар Сибирь,Wednesday,13:00,2
9dec67d48432,Iskra Bar,Friday,12:30,1
1806fc91aeaf,Там Ем,Wednesday,11:30,2
5516ca565791,Крафтейнер,Tuesday,13:30,3
368a82ec52d6,Бар Сибирь,Wednesday,14:30,3
4c68d327ddc6,Северия,Tuesday,15:30,2
e4d62db9bb37,Северия,Monday,10:00,1
6d56fb550ccd,Северия,Thursday,20:30,1
69b174de92a9,Там Ем,Wednesday,14:30,2
f840a7c7fbc6,,Tuesday,13:30,3
f840a7c7fbc6,,Tuesday,13:30,3
d869caa161e7,Бар Сибирь,Monday,12:00,1
169d1d211627,Там Ем,Friday,12:00,3
f9884467120c,Iskra Bar,Thursday,12:30,2
52a49ed698d2,Азия,Wednesday,12:30,1
29b5a6dc230d,Бар Сибирь,Tuesday,12:00,2
8a45c5c312b9,Северия,Wednesday,12:00,3
15531a26a0a2,Коворкафе,Thursday,12:00,1
c0cbb57104e6,Iskra Bar,Monday,14:30,3
9369b6dceda1,Iskra Bar,Saturday,13:00,2
b96cdb63d8a0,Там Ем,Friday,13:00,1
947c30fd6a22,Бар Сибирь,Saturday,14:30,3
fc47377d3b2f,Iskra Bar,Wednesday,16:30,1
f64617a5df80,Там Ем,Wednesday,17:00,2
bcdf7479b523,Крафтейнер,Tuesday,11:00,1
4b4ad6451128,Бар Сибирь,Wednesday,11:30,2
ef70bceb995d,Северия,Thursday,19:30,1
0d94d6f06cdf,Коворкафе,Wednesday,18:30,4
abbbbd5e89f9,Там Ем,Wednesday,18:00,2
9a62fd3aa9e0,Азия,Tuesday,14:30,1
44822c3ac868,Iskra Bar,Wednesday,15:30,2
30db4c123b83,Там Ем,Wednesday,15:30,3
5929289047e7,Бар Сибирь,Tuesday,16:00,2
0cbc594a9a23,Северия,Wednesday,14:30,2
906659d163bd,Искр,Tuesday,15:00,1
4c64d4641431,,Wednesday,10:30,2
ca4ee8220a92,Iskra Bar,Monday,14:30,1
f7f0c430b79f,Крафтейнер,Tuesday,16:00,1
6e12695e737e,Iskra Bar,Thursday,13:30,1
7d3f7916a6c2,Бар Сибирь,Thursday,12:00,1
a6bf6f85c1c5,Северия,Wednesday,12:30,2
cb5fbed6f15e,Северия,Tuesday,20:00,1
ed9e4a9214a2,Коворкафе,Thursday,14:30,1
b9e41d1d842e,Бар Сибирь,Thursday,19:00,1
dba3e2a24dfa,Бар Сибирь,Monday,16:30,1
c1197b0ed8dc,Северия,Friday,17:30,1
23af9206d557,Северия,Friday,18:00,1
c646d28b9baf,Северия,Thursday,18:30,1
a11f6ceca518,Коворкафе,Friday,19:00,1
0de394b2c92a,Крафтейнер,Tuesday,20:00,1
1a719e9c3a3c,Там Ем,Wednesday,18:30,1
9791b99801dd,Бар Сибирь,Tuesday,19:30,1
fe03dbc60ccf,Северия,Wednesday,20:30,2
60f901b510f0,Iskra Bar,Friday,20:00,1
349e640ca2ec,Iskra Bar,Monday,20:30,1
86ee77445248,Iskra Bar,Wednesday,14:30,1
8380c63f5223,Iskra Bar,Tuesday,12:30,2
8369c7120195,Iskra Bar,Wednesday,13:30,2
f0e2faa30989,Iskra Bar,Monday,17:30,3
62f993cb0657,Iskra Bar,Thursday,12:30,1
e6b582b15b40,Iskra Bar,Tuesday,14:30,1
53f8c819d771,,Wednesday,15:30,1
6b9acabebddc,Крафтейнер,Friday,14:00,2
eec00556808d,Там Ем,Wednesday,15:00,2
d62c7e00f298,Крафтейнер,Tuesday,13:30,1
b66b321af47a,Iskra Bar,Wednesday,13:30,3
6b878bed4edb,Северия,Monday,15:30,1
ede52db80a80,Там Ем,Friday,16:30,3
3cadfcdd4756,Iskra Bar,Saturday,13:30,2
a245ce3a8804,Бар Сибирь,Wednesday,16:30,2
dd024ae6190d,Iskra Bar,Tuesday,18:00,3
757a54681d1a,Северия,Wednesday,12:00,1
840d6b0197e1,Iskra Bar,Thursday,14:30,2
ca7b1fc70c1b,Коворкафе,Thursday,16:00,1
0527b05b6be4,Iskra Bar,Monday,13:30,2
65d6087efaed,Бар Сибирь,Wednesday,14:30,1
912456fe0c94,Iskra Bar,Monday,14:00,3
697e4c0284bd,Iskra Bar,Tuesday,17:00,2
09041f9e8fd4,Северия,Friday,17:00,2
88e51fb1ba87,Коворкафе,Wednesday,12:30,1
be846b2f55ca,Коворкафе,Thursday,16:30,2
974921858f1d,Азия,Tuesday,13:00,3
9de83dc404ea,Северия,Thursday,19:30,2
92a2ede42c8e,Iskra Bar,Wednesday,17:00,1
fa095e011664,Там Ем,Monday,14:00,2
f2e9989ceadd,Iskra Bar,Thursday,16:00,2
7a175f4921a7,,Thursday,17:30,1
7a175f4921a7,,Thursday,17:30,1
05f62a1d07bc,Iskra Bar,Wednesday,14:00,2
9b536b799166,Там Ем,Monday,16:30,2
5c7f056b2e84,Iskra Bar,Friday,15:00,1
87540634396c,Там Ем,Monday,13:00,2
25ffdf2b8b3d,Бар Сибирь,Wednesday,14:00,1
0fa1ba944bc1,Бар Сибирь,Thursday,15:30,3
323307c06732,Бар Сибирь,Friday,13:00,3
d2a0be849f6a,Бар Сибирь,Saturday,15:00,2
f24aa3aed062,Бар Сибирь,Thursday,13:00,1
8b22f5b3ead7,Бар Сибирь,Wednesday,14:30,2
0a63627ad483,Бар Сибирь,Tuesday,12:00,1
1fc75b9641d2,Iskra Bar,Monday,14:00,3
f7988061c6a1,Там Ем,Thursday,11:30,2
1ec128ac6910,Бар Сибирь,Wednesday,13:00,1
7bc8060cbd1b,Северия,Friday,14:30,2
175f031e72f4,Там Ем,Wednesday,13:30,3
9ca4b44b7b69,Искр,Thursday,13:00,1
046b7c1607e9,Коворкафе,Tuesday,14:30,2
c6d10c72bf54,Там Ем,Wednesday,18:00,1
055cb118650d,Бар Сибирь,Thursday,18:30,2
ea7e7498084d,,Monday,13:30,2
1fc7c4bc5976,Iskra Bar,Friday,15:30,1
ce26fd8175f6,Iskra Bar,Friday,14:30,1
657ed20ea92e,Iskra Bar,Friday,15:30,3
4821b71be697,Искр,Friday,18:00,2
a366c60ec064,Iskra Bar,Friday,17:30,1
84194f050db4,Iskra Bar,Friday,13:00,2
0c62c531d0d7,Искр,Friday,14:00,1
52b309f2e45f,Там Ем,Wednesday,15:00,2
3d1357b9a411,Там Ем,Tuesday,15:30,1
4f670960bfc8,Бар Сибирь,Wednesday,15:00,2
be27a2809252,Бар Сибирь,Wednesday,14:00,1
c67a9ea8bbc4,Бар Сибирь,Tuesday,13:30,2
458b0dcc477f,Бар Сибирь,Monday,14:00,1
ec787ef3aba2,,Friday,15:00,2
32006e792741,Северия,Thursday,15:00,1
e6fbb56be4c7,Коворкафе,Tuesday,15:00,2
bf455d4bf2a3,Коворкафе,Monday,16:30,1
d874d453759e,Коворкафе,Thursday,18:00,3
1cedeec12aad,Северия,Wednesday,12:00,1
9c5a0d15c18c,Коворкафе,Tuesday,13:30,2
e98ec1f1558f,Коворкафе,Wednesday,13:30,1
7955c899791b,Северия,Saturday,14:30,2
c43179d750d0,Азия,Thursday,15:30,1
e353702639b7,Северия,Wednesday,17:00,3
dddeed45dc75,Бар Сибирь,Friday,17:00,1
3ddc4059fc1c,Коворкафе,Saturday,14:30,2
d4bfead09602,Бар Сибирь,Monday,14:30,1
9b663721150e,Азия,Wednesday,15:00,2
82877bd9655e,Там Ем,Tuesday,12:30,1
034bd387aeb6,Там Ем,Tuesday,14:30,2
161699e3c32e,Iskra Bar,Tuesday,14:00,3
da505121e75c,Бар Сибирь,Wednesday,11:00,1
54bb4d093f09,Там Ем,Tuesday,12:00,2
fe9725a02db1,Iskra Bar,Wednesday,12:30,1
22cc1d7ce043,Искр,Tuesday,14:30,2
a3d432bb7a4d,Там Ем,Wednesday,13:30,1
9489f26638cb,Бар Сибирь,Tuesday,14:00,2
c581fea72c4c,,Wednesday,13:30,1
a15749a5acba,Iskra Bar,Tuesday,12:30,2
69ea9e470a90,Там Ем,Wednesday,12:30,3
63cdb4538ad8,Там Ем,Monday,14:00,1
d7a5b8075948,Бар Сибирь,Tuesday,13:00,2
b315b8c05bb9,Iskra Bar,Thursday,12:30,1
ffa607330294,Там Ем,Tuesday,15:00,3
7c6a6ad658af,Бар Сибирь,Monday,11:30,2
2405102c8c4a,Iskra Bar,Tuesday,14:30,1
62326768ba62,Там Ем,Thursday,14:30,2
406078735f41,Iskra Bar,Saturday,10:00,1
2dae0c3ff07d,Там Ем,Wednesday,10:30,3
4f8f2699df77,Iskra Bar,Tuesday,11:00,2
ab5db9d195de,Бар Сибирь,Monday,12:00,1
0ef8255f5510,Там Ем,Tuesday,11:30,2
79d0f3ae0b30,,Thursday,19:30,1
5773efaece46,Iskra Bar,Wednesday,19:30,3
0016d94c9c65,Iskra Bar,Tuesday,19:30,2
d30103cd280e,Искр,Monday,19:00,2
245ba9dad4b2,Бар Сибирь,Tuesday,19:00,1
650466b4a647,Там Ем,Thursday,18:00,2
3fb5df6b1319,Там Ем,Friday,12:30,3
3656c4f5ad4a,Бар Сибирь,Tuesday,19:00,1
349702c402b9,Iskra Bar,Friday,20:00,4
b276c3acdd60,Коворкафе,Tuesday,18:30,2
b820f4d74433,,Monday,19:00,1
a0edbae2cfee,Азия,Tuesday,15:30,2
8795671fc1ea,Азия,Thursday,14:00,1
3d44c297488c,Азия,Friday,11:00,2
0e82ab616e1a,Коворкафе,Tuesday,10:30,3
acedc2b6dba2,Азия,Friday,15:00,2
71337b0cc522,Коворкафе,Monday,10:00,2
eb1995130d79,Бар Сибирь,Tuesday,13:00,1
39e2740927a6,Северия,Friday,13:00,1
ca184b17bfe4,Коворкафе,Tuesday,13:30,1
a87ec6dfbdb2,Азия,Monday,15:30,1
806d55a1d727,Искр,Tuesday,10:00,3
4dc670670342,Iskra Bar,Thursday,10:30,2
da9c5303251c,Там Ем,Wednesday,21:00,2
3036e4bf29fd,Iskra Bar,Tuesday,20:30,1
7b707f09e743,Крафтейнер,Saturday,18:00,1
c6c35fe6f3bb,Бар Сибирь,Tuesday,17:00,1
823a2fef6ba9,Бар Сибирь,Sunday,17:30,1
11dec5c8c729,Iskra Bar,Saturday,13:30,1
301cfad6cca0,Там Ем,Wednesday,13:30,2
32ff82d9c58c,Iskra Bar,Monday,14:30,1
007eb6db5e5c,Там Ем,Tuesday,18:00,1
f63d22e02434,Iskra Bar,Wednesday,12:30,2
88af60961865,Там Ем,Thursday,19:00,1
235c84789563,Там Ем,Friday,15:00,1
edb6450e086e,Бар Сибирь,Tuesday,14:30,2
db24fe4ec147,,Wednesday,14:00,1
be72117be117,Крафтейнер,Tuesday,13:00,2
4602b6bcd890,Северия,Monday,11:00,1
e01720051e76,Коворкафе,Friday,15:00,2
f9e268cb30c0,Азия,Monday,17:00,1
0faa98ed5bf9,Азия,Friday,12:30,3
f6200b6d6e74,Азия,Tuesday,13:00,2
f248f2b7d3e9,Iskra Bar,Thursday,15:00,1
729c64623b20,Iskra Bar,Wednesday,14:00,2
ea3db77f7bc8,Там Ем,Saturday,13:00,1
cad46d564a85,Там Ем,Thursday,13:30,2
15b464f7531c,Бар Сибирь,Wednesday,17:30,1
746420d67b79,,Tuesday,13:30,1
dd768b311a3a,Крафтейнер,Wednesday,14:30,1
0441f0597da4,Северия,Thursday,12:30,3
d97207839dbf,Коворкафе,Tuesday,13:00,3
080c0cd80c15,Бар Сибирь,Wednesday,15:30,1
621cb57b2923,Iskra Bar,Tuesday,13:00,1
aeab611e9e7e,Там Ем,Tuesday,16:30,1
533d2116ce4d,Бар Сибирь,Thursday,16:00,1
fca66f6bd050,Северия,Tuesday,17:00,2
e2c42f713eb3,Азия,Monday,12:30,1
409a6c2a8122,Iskra Bar,Tuesday,15:00,2
35048fb2764e,,Wednesday,17:00,1
fe0c66de20f2,Там Ем,Tuesday,19:00,2
567fe8f31c7b,Азия,Friday,14:00,1
8e82498f3b44,Коворкафе,Tuesday,14:00,2
a5734ae30d85,Северия,Tuesday,13:00,1
0bf89974bc88,Iskra Bar,Wednesday,12:00,1
748e3aae43ad,Iskra Bar,Tuesday,12:30,2
32c3d49e1b03,Iskra Bar,Monday,15:00,1
97b59d002d1c,Iskra Bar,Wednesday,13:30,3
2992acb60fe1,Iskra Bar,Tuesday,14:30,1
76865def4a09,Iskra Bar,Thursday,13:30,2
1f25f01041d7,Iskra Bar,Tuesday,14:00,1
990b0f96c7ed,Iskra Bar,Friday,15:00,2
fa9a899bbc82,Iskra Bar,Tuesday,16:00,1
d8e6d7787986,Iskra Bar,Tuesday,16:30,2
3f923096555c,Бар Сибирь,Thursday,15:30,3
792a501aad21,Там Ем,Wednesday,14:00,2
60f4ef960767,,Tuesday,12:30,1
b073a50d6c35,Там Ем,Friday,16:30,6
4c316da8aa18,Iskra Bar,Friday,18:30,2
30b1ef8e98fa,Крафтейнер,Tuesday,12:00,1
bce921f53e32,Там Ем,Friday,13:30,2
83a2facfb547,Северия,Friday,16:00,2
6ba5f4d458f5,Северия,Friday,10:00,1
8d4cff69cb5a,Азия,Tuesday,10:30,2
7e3ae2170c72,Крафтейнер,Saturday,21:00,2
dc0fdc43c009,Iskra Bar,Thursday,19:30,2
4a10ea31ee13,,Monday,20:30,1
b284bc81d4eb,Северия,Tuesday,16:30,2
297039efb7f1,Коворкафе,Thursday,13:00,1
7cb3c6657a46,Там Ем,Monday,13:00,2
eb428b630c5d,Бар Сибирь,Tuesday,10:00,1
07346c1e3383,Iskra Bar,Thursday,13:30,2
3dbfbc045452,Северия,Tuesday,14:00,2
3553b094ead2,Коворкафе,Wednesday,15:30,2
05d024a8fcf2,Там Ем,Monday,16:00,1
854ee1f115a1,,Tuesday,12:30,2
ad1f4ba6ff4a,Северия,Thursday,15:00,1
fcd28689ed9e,Азия,Thursday,15:00,2
554516ad8242,Iskra Bar,Tuesday,13:30,1
bc790bec3e50,Бар Сибирь,Monday,15:00,2
74436acd930b,Крафтейнер,Saturday,17:00,1
e49197926c2b,Там Ем,Friday,17:00,2
4fa514223db1,Там Ем,Wednesday,17:30,1
067f6312759c,Северия,Monday,18:30,2
09941ced58f3,Коворкафе,Tuesday,15:00,3
d7210c75fb14,Там Ем,Wednesday,12:30,2
09cac5e40487,Бар Сибирь,Tuesday,16:00,3
c74a4134d338,Iskra Bar,Thursday,19:00,1
4118520387d3,Северия,Thursday,19:00,2
44aefb3630c7,Крафтейнер,Tuesday,11:00,1
09520f8a5169,Iskra Bar,Thursday,16:30,3
8fd8dd830f0d,,Tuesday,16:30,2
94ae222084bc,Коворкафе,Wednesday,10:30,1
ce350df041c3,Северия,Tuesday,18:00,3
268d9c8a7e5e,Бар Сибирь,Thursday,18:00,2
4f5bcc533f28,Iskra Bar,Tuesday,11:00,1
58a07c834d51,Там Ем,Monday,17:00,1
57e50f428ee0,Бар Сибирь,Tuesday,16:00,2
299cb8182dcd,Там Ем,Monday,10:30,1
d77a0676434c,Крафтейнер,Tuesday,13:00,2
865eadad7826,Северия,Wednesday,12:30,1
6586866f54cc,Коворкафе,Wednesday,13:00,1
aaf6a1d0a02d,Азия,Tuesday,17:00,2
d060af574399,Азия,Wednesday,20:30,2
eaf6e185a374,Коворкафе,Wednesday,12:00,3
e4f453e82809,,Monday,19:00,1
a5cf5ec7523c,Крафтейнер,Tuesday,14:00,3
026ea2985c19,Крафтейнер,Wednesday,17:30,2
6df9bf8d112d,Iskra Bar,Friday,13:30,2
609e5239ddeb,Iskra Bar,Thursday,19:00,1
2fa26f1093f1,Там Ем,Thursday,12:00,1
ed1443ac96bf,Там Ем,Monday,16:00,1
7b6d58de62c6,Бар Сибирь,Tuesday,14:30,1
e6804842fc92,Там Ем,Saturday,19:30,2
35ede62febef,Iskra Bar,Friday,18:30,1
4ea4c96bd58b,Там Ем,Thursday,20:30,1
e39e0fe3e86c,Бар Сибирь,Tuesday,10:30,2
341ed8b80308,,Tuesday,10:00,2
6badd32e7375,Там Ем,Wednesday,15:30,1
31caefb90a8e,Там Ем,Saturday,12:00,4
ea2292a77261,Iskra Bar,Sunday,14:00,2
00cc57fd17de,Бар Сибирь,Sunday,21:00,1
69e4b745cdb0,Там Ем,Sunday,11:00,2
2059da595823,Iskra Bar,Thursday,12:30,1
35917e2b5605,Там Ем,Sunday,13:00,2
933f3c058191,Там Ем,Sunday,20:00,1
7c5fbcc49a32,Iskra Bar,Monday,21:00,3
8270b6a46bd3,Iskra Bar,Sunday,10:00,1
c6a9ad27f875,Там Ем,Sunday,15:00,2
bd57fc4365a2,Бар Сибирь,Sunday,15:30,1
6802c6f2261a,Там Ем,Saturday,16:00,2
c8a739b036d7,Iskra Bar,Wednesday,18:00,1
4afa7e6f1e62,Бар Сибирь,Wednesday,14:30,2
f115ac831d7e,Там Ем,Tuesday,11:00,3
a4b474ae397d,Iskra Bar,Monday,14:30,1
c745de3b399a,Iskra Bar,Tuesday,16:00,1
e4809f707d37,Там Ем,Tuesday,13:00,2
6b82b7082b08,Бар Сибирь,Friday,13:30,2
af354a532e49,Iskra Bar,Tuesday,16:30,2
5a13495b71d2,Там Ем,Wednesday,11:30,2
6c11961650a2,Бар Сибирь,Tuesday,12:30,1
45a4b99b56a5,Крафтейнер,Monday,13:00,1
4a74c8536827,Коворкафе,Friday,15:00,1
c82ae9b93998,Iskra Bar,Tuesday,13:30,1
6dba91fa7594,Бар Сибирь,Wednesday,14:00,1
5743d37e7e05,Бар Сибирь,Thursday,20:30,1
a23da558a1ea,Бар Сибирь,Thursday,20:00,1
e427059c6214,Бар Сибирь,Wednesday,11:00,3
3800bfb4a5bf,Бар Сибирь,Monday,13:00,1
80a96315d9c6,Там Ем,Tuesday,19:30,3
d3f516e93866,Там Ем,Wednesday,13:00,1
de345cb2b971,Iskra Bar,Thursday,19:00,1
e3a987551a12,Крафтейнер,Friday,10:30,1
9da826f41ac2,Там Ем,Monday,20:30,2
874259e5a383,Iskra Bar,Saturday,13:30,1
48d8ba83b816,Там Ем,Sunday,10:30,1
b7efa24bf3a5,Бар Сибирь,Thursday,20:30,2
47c6f81084d2,Iskra Bar,Wednesday,10:00,1
ab46602098f2,Бар Сибирь,Wednesday,14:00,2
6224834a5d61,Там Ем,Tuesday,17:00,1
2fbce4d2afce,Iskra Bar,Monday,12:30,2
bd98d32801a5,Бар Сибирь,Thursday,16:30,1
d50c9091fea1,Там Ем,Wednesday,11:00,3
e1113c58a373,Iskra Bar,Wednesday,15:30,1
2ec26413dd45,Iskra Bar,Wednesday,11:00,1
a013fcf26de6,Бар Сибирь,Thursday,12:30,2
0d96970763bf,Там Ем,Tuesday,15:30,1
506ea3f17a7f,Бар Сибирь,Thursday,18:30,2
623b87a1b6e9,Там Ем,Wednesday,14:30,1
cc98867fb67f,Iskra Bar,Monday,13:00,2
bb6697113992,Там Ем,Tuesday,15:30,1
b1054dfae7bb,Бар Сибирь,Wednesday,16:00,1
621182660d66,Там Ем,Tuesday,11:00,2
e3882924c69c,Там Ем,Thursday,13:30,1
b2ab3dd08f02,Крафтейнер,Tuesday,16:00,3
2b2b79146e2b,Iskra Bar,Wednesday,15:30,2
1e6653ff6ea2,Крафтейнер,Thursday,15:00,1
fa4c75cc9dab,Там Ем,Tuesday,12:00,2
c9dcd554fb23,Бар Сибирь,Wednesday,14:00,1
391d1065af4e,Iskra Bar,Tuesday,12:30,2
8ae353947542,,Wednesday,14:30,3
2ed68e98bc32,Северия,Tuesday,13:30,3
c9b42f901792,Бар Сибирь,Tuesday,14:00,2
f0fae6ebaad7,,Monday,11:30,1
1ad4f30baa92,Северия,Tuesday,11:00,2
d4f6b3a7dc46,Iskra Bar,Monday,10:30,1
54d642ff229a,Iskra Bar,Tuesday,21:00,3
08f1a76c03c1,Крафтейнер,Thursday,18:30,2
abd6cba17499,Там Ем,Tuesday,14:30,1
fa4a83ad9da0,Iskra Bar,Saturday,16:30,3
a5b26edea8cf,Iskra Bar,Tuesday,20:30,2
0bf14a4feae7,Iskra Bar,Monday,19:00,1
3ee261882d1b,Iskra Bar,Tuesday,20:30,1
da66577eadc1,Крафтейнер,Thursday,15:30,2
5d138646c85a,Там Ем,Tuesday,14:00,1
8ffe9e1962ce,Iskra Bar,Monday,15:30,2
42665a65c19c,Бар Сибирь,Thursday,14:30,1
2a3e8f7fb8b4,Бар Сибирь,Friday,11:30,5
36630c6aa2fa,Iskra Bar,Wednesday,16:00,2
c7886f73f5ce,Iskra Bar,Monday,11:30,1
28c3c46cac70,Iskra Bar,Wednesday,10:30,2
48176f7efb46,Iskra Bar,Friday,12:30,1
b7d360eff3fb,Iskra Bar,Thursday,17:00,1
fc4910208524,Бар Сибирь,Monday,11:00,1
3ebca5bd2e1f,Там Ем,Wednesday,16:30,2
d88c238ba970,Iskra Bar,Thursday,11:00,1
484c58960d83,Iskra Bar,Thursday,11:00,2
d09544f03f46,Там Ем,Saturday,17:30,3
03995044c0b4,Там Ем,Friday,18:30,1
a661b1197812,Коворкафе,Tuesday,18:30,3
ce8c9f02cfb1,Iskra Bar,Wednesday,17:30,1
de0a319a747f,Iskra Bar,Thursday,12:00,2
4c1633f1087e,Крафтейнер,Monday,14:30,3
1480d030c4cd,Там Ем,Friday,20:30,1
a38ee5fcb344,Там Ем,Thursday,10:30,2
829b181f5a1a,Iskra Bar,Wednesday,17:00,1
168452e581fc,Там Ем,Friday,11:00,2
270ca427034a,Северия,Saturday,18:00,1
319503efe6b6,Коворкафе,Friday,11:30,3
d1508a0bcf7c,Крафтейнер,Tuesday,16:00,2
ae439895f743,Северия,Friday,11:00,1
efd839554dbd,Азия,Thursday,17:30,1
de4615a2a7a5,Iskra Bar,Monday,11:00,2
3b04f1e432a8,Там Ем,Wednesday,11:30,1
2423592faa71,Бар Сибирь,Thursday,15:00,2
2ef99f33b1b1,Там Ем,Thursday,11:30,1
20fb49a4e145,Бар Сибирь,Friday,11:30,1
d13c22b46a9d,Коворкафе,Saturday,14:30,2
0216010fd489,Северия,Tuesday,19:00,1
6ab8bd49e495,Там Ем,Thursday,12:30,2
34067fe6a55b,,Wednesday,19:30,1
b9b32dfe763e,Северия,Friday,11:30,1
a4753668d1ca,Бар Сибирь,Monday,12:30,1
39bf097be90e,Бар Сибирь,Saturday,17:30,2
2eb3f8b4ab59,Там Ем,Sunday,21:00,2
b18dd2ffedba,Северия,Friday,19:00,3
f5139165e681,Азия,Wednesday,20:00,1
2e56646863e5,Iskra Bar,Friday,18:30,1
de9471a98d66,Бар Сибирь,Thursday,11:30,2
0aa317eb7630,Там Ем,Wednesday,10:30,2
d9aa1f29182f,Iskra Bar,Tuesday,12:00,3
4ea8c1cd6392,Коворкафе,Thursday,12:30,1
f670315ae07b,Бар Сибирь,Wednesday,13:00,2
a8cfcbb55483,Крафтейнер,Monday,13:30,2
4743f5357b2c,Iskra Bar,Thursday,14:00,1
34d5e79e4fa5,Азия,Wednesday,16:30,1
68c063b1caa1,Северия,Wednesday,15:00,2
e12f89b76f5c,Iskra Bar,Tuesday,15:00,1
b4aa130e7ce9,Iskra Bar,Thursday,19:00,2
79062060be4e,Iskra Bar,Wednesday,21:00,2
e808dd4dfb10,Крафтейнер,Tuesday,20:30,1
ecf451522185,Там Ем,Wednesday,10:30,2
af615376cb32,Iskra Bar,Tuesday,12:30,1
a67785795f12,Коворкафе,Thursday,15:00,1
dd3e5542b0cf,Там Ем,Monday,16:00,6
b0a72002eb64,Там Ем,Thursday,11:30,5
c791613f32dd,Там Ем,Friday,12:00,1
bd9e80d4cfb0,Бар Сибирь,Wednesday,14:30,2
655f6219bac1,Крафтейнер,Monday,14:00,1
0a537f80537d,Азия,Tuesday,12:30,2
323945ba4437,Iskra Bar,Wednesday,14:30,4
e278f81d487c,Там Ем,Tuesday,11:30,2
e323576af4c1,Северия,Thursday,13:00,1
58d86c38b37d,Iskra Bar,Tuesday,12:30,1
9dfff9d8482b,Там Ем,Wednesday,13:00,2
0fc9a36739fa,Iskra Bar,Monday,10:30,2
1a383d387a80,Северия,Thursday,11:30,3
c3b0ef0f5263,Iskra Bar,Saturday,13:30,1
ca296053aa33,Там Ем,Tuesday,14:30,2
935b4e1dfa3d,Азия,Wednesday,16:00,3
66a48b1f2628,Iskra Bar,Tuesday,15:00,2
aca807e2ef34,Iskra Bar,Monday,19:30,1
e0da3b1056d0,Азия,Tuesday,12:30,2
ff40befe05d9,Iskra Bar,Monday,16:00,3
55be62c2ea24,Там Ем,Tuesday,20:30,1
da800fee9107,Азия,Wednesday,19:30,1
2b7c8c32a9c1,Iskra Bar,Tuesday,19:30,3
9c37d9c82e0f,Там Ем,Thursday,20:30,2
0f3c919c4c90,Iskra Bar,Tuesday,20:30,1
f752137cdc3c,Iskra Bar,Thursday,15:30,2
38f8ee20d827,,Thursday,19:30,2
38f8ee20d827,,Thursday,19:30,2
38f8ee20d827,,Thursday,19:30,2
24512a5bfd64,Iskra Bar,Tuesday,18:30,1
b20266934ea2,Там Ем,Monday,17:00,1
66197f122d5f,Iskra Bar,Tuesday,15:30,1
fe162fde19b0,Азия,Wednesday,13:00,2
6f2de999fd1e,Iskra Bar,Tuesday,15:00,4
b081f31feb79,Iskra Bar,Monday,11:30,2
644c10d8d90c,Там Ем,Tuesday,11:30,1
0a652baa9981,Азия,Friday,10:00,2
b0800371e93e,Там Ем,Tuesday,15:00,3
c624df25510b,Iskra Bar,Wednesday,13:00,1
ce00fc2c7b87,Коворкафе,Tuesday,13:30,2
ec5e4827c41f,Азия,Thursday,17:00,1
af3e7418ec8c,Бар Сибирь,Tuesday,16:30,3
c8d3c208434a,Iskra Bar,Tuesday,16:00,2
aaadeb28f3fc,Там Ем,Monday,16:00,1
e8fe8eccfda4,Iskra Bar,Tuesday,12:00,2
7db15605f0e9,Азия,Thursday,12:30,1
23f6b4ac4532,Бар Сибирь,Tuesday,13:30,1
7b55cf298c5f,Там Ем,Tuesday,15:30,2
666d88b92923,Там Ем,Thursday,14:30,3
57c6190d3417,Бар Сибирь,Tuesday,14:00,1
3daee50fafa6,Крафтейнер,Monday,15:30,2
26eba8b78c32,Iskra Bar,Tuesday,11:30,1
e35def1ca31a,Iskra Bar,Wednesday,12:00,2
65c1b0ed6bf0,Iskra Bar,Monday,14:30,3
a8ec0ffd9b25,Бар Сибирь,Tuesday,13:00,1
3cda27f61ee7,Бар Сибирь,Friday,13:30,5
07ca212f2b63,Бар Сибирь,Thursday,21:00,4
b85285e71ebb,Бар Сибирь,Tuesday,10:30,1
640d368c95a3,Там Ем,Wednesday,12:30,2
cd4ed88bd061,Коворкафе,Tuesday,13:30,1
ca183bc3f479,Бар Сибирь,Saturday,13:30,2
c9fd88d21072,Там Ем,Friday,14:00,1
0a7fe708dcaa,Iskra Bar,Tuesday,16:00,2
0fe5679d94da,Коворкафе,Monday,12:00,1
8b4097cb0770,Северия,Tuesday,15:30,2
00ef7ed7c680,Крафтейнер,Wednesday,13:30,2
b39a320ac997,Iskra Bar,Tuesday,14:00,2
961c46d669f0,Бар Сибирь,Monday,20:00,1
60ecc3c54fef,Северия,Monday,18:30,3
3261ced32f2a,Iskra Bar,Wednesday,18:00,2
161493f61b02,Бар Сибирь,Tuesday,17:30,2
e6bd6d6203c5,Коворкафе,Thursday,12:00,2
319dd85408ff,Бар Сибирь,Friday,12:30,1
e91a6433224f,Там Ем,Tuesday,13:30,2
85dd08614d44,Iskra Bar,Wednesday,10:00,1
efa0b4050857,Северия,Tuesday,12:00,1
d786e0a565d8,Коворкафе,Tuesday,11:00,2
27a9b4a4d619,Северия,Monday,15:00,1
d42a13d0fd29,Крафтейнер,Wednesday,13:00,1
267aeeddb197,Бар Сибирь,Tuesday,15:30,1
30f1073456f9,,Wednesday,12:30,1
30f1073456f9,,Wednesday,12:30,1
e3fc216a983f,,Thursday,14:30,1
e3fc216a983f,,Thursday,14:30,1
e3fc216a983f,,Thursday,14:30,1
e3fc216a983f,,Thursday,14:30,1
fcff9b6954cd,Азия,Tuesday,13:00,2
95fe6e7f6afd,Азия,Monday,14:30,3
3d3f958d7fb3,Азия,Wednesday,12:00,2
de6450ebe294,Северия,Wednesday,13:30,1
61c9a62aab4d,Iskra Bar,Thursday,13:30,3
2bb5e2612522,Бар Сибирь,Friday,15:00,3
286c2b0f08b2,Там Ем,Monday,12:00,2
b5991bed8adf,Iskra Bar,Wednesday,12:30,2
d34b4dfcf119,Бар Сибирь,Thursday,16:00,1
1872d04dfd36,Там Ем,Tuesday,13:30,2
71fc432b396a,Там Ем,Tuesday,14:30,2
5244812d1726,Iskra Bar,Monday,13:30,3
7007ffba3f0d,Бар Сибирь,Monday,15:00,1
df75bd2fb71d,Там Ем,Tuesday,16:00,2
cfb05c6d3c58,Iskra Bar,Friday,14:00,2
9704b8ec9e1a,Там Ем,Wednesday,12:30,3
83fc15659469,Бар Сибирь,Monday,14:30,1
7581d647d910,Там Ем,Saturday,15:00,2
06a07057ec35,Там Ем,Tuesday,15:30,1
d1670d1f3664,Азия,Wednesday,13:00,2
bbf7a2942926,Iskra Bar,Monday,14:00,1
dc9f1fc319c7,Там Ем,Saturday,14:30,2
510ef3bc4e2a,Там Ем,Sunday,21:00,1
3dc0e767525f,Там Ем,Thursday,19:30,2
703f58758c19,Бар Сибирь,Tuesday,10:30,1
60bc828c2441,Бар Сибирь,Wednesday,21:00,2
abceab4ac695,Там Ем,Tuesday,10:00,1
81ddc2fb6e1c,Там Ем,Thursday,12:00,1
cb62b80bb17e,Iskra Bar,Sunday,13:00,1
a6d7b011e564,Там Ем,Tuesday,13:30,3
9c30d55105fe,Бар Сибирь,Saturday,14:30,1
72cbb4df6ad1,Там Ем,Tuesday,18:00,2
1b92835611e3,Крафтейнер,Thursday,17:30,2
ae89e5733979,Там Ем,Tuesday,17:00,1
72e45ec1da73,Iskra Bar,Wednesday,17:00,2
54a88ec10aa4,Там Ем,Thursday,16:30,1
55a4bf25138e,Бар Сибирь,Friday,16:00,2
01c83c988600,Бар Сибирь,Wednesday,12:30,2
e0e33b18d78a,Там Ем,Wednesday,14:00,1
27acaf81903d,Бар Сибирь,Tuesday,15:30,2
5c86ff69c33c,Северия,Wednesday,13:30,1
ac5fef4d2174,Iskra Bar,Tuesday,15:30,1
1b0e489c4900,Iskra Bar,Monday,16:30,2
2ea2ac941929,Iskra Bar,Tuesday,12:30,1
ba4ef3a14427,Коворкафе,Wednesday,15:30,2
5a6b3d60622e,Iskra Bar,Thursday,15:00,1
f1c7d2652687,Там Ем,Monday,17:30,2
76575720579c,Бар Сибирь,Tuesday,14:30,2
88fe1990f73c,Iskra Bar,Friday,13:00,1
460ca0d58c72,,Wednesday,19:30,2
a98ca20d3a70,Iskra Bar,Wednesday,19:00,1
649df3261d0b,Бар Сибирь,Friday,17:30,2
15a9b67dfafc,Там Ем,Tuesday,18:30,1
2993501879bd,Северия,Monday,16:30,1
c720b9a11c5e,Коворкафе,Wednesday,11:00,2
e84945e2e85f,Азия,Tuesday,15:30,2
77870cd4ec1a,Азия,Friday,11:30,3
b1d0eb314e14,Азия,Saturday,17:00,1
7e967416a68c,Азия,Sunday,14:00,1
335b7dd24fcc,Iskra Bar,Sunday,16:00,2
4365163271d2,Там Ем,Saturday,15:30,1
03d499d35ed8,Северия,Saturday,14:30,1
75d619e628e2,Iskra Bar,Sunday,16:30,3
de1db92f1257,Бар Сибирь,Wednesday,13:30,2
bf24053a7212,Коворкафе,Monday,20:30,1
9aea6e21b9dd,Северия,Wednesday,14:30,2
090854d70e4b,,Tuesday,18:30,2
5b844df208be,Бар Сибирь,Monday,20:00,2
ec8c46d01e65,Там Ем,Friday,15:00,1
d538b5aabeab,Коворкафе,Tuesday,12:00,1
48f1c9eb0941,Крафтейнер,Wednesday,14:30,2
057bbb100cef,Iskra Bar,Monday,15:00,2
5c2ac5b5de0a,Iskra Bar,Thursday,13:00,1
eaa2810423d2,Там Ем,Tuesday,12:30,1
2cbd884fec2f,Бар Сибирь,Wednesday,16:00,2
273ff33619c3,Iskra Bar,Monday,10:30,1
fd7391f5713e,Iskra Bar,Friday,13:30,1
e1acd7ea03ff,Iskra Bar,Thursday,20:00,2
5f50d76773c7,Iskra Bar,Wednesday,20:30,1
164713beb3e6,Там Ем,Monday,19:30,1
3a2ab1d59712,Бар Сибирь,Tuesday,19:00,1
5ce8239588cb,Iskra Bar,Thursday,18:30,2
32292d58eef1,Там Ем,Wednesday,17:00,3
df8e5af6a723,Iskra Bar,Monday,13:30,2
26fab7d81d2c,Там Ем,Friday,14:00,1
0135b7e0258b,Бар Сибирь,Thursday,16:00,2
1fdebbd59976,Северия,Tuesday,14:00,1
d68292cb8490,Азия,Wednesday,13:30,1
f7e8ab4dbb62,Iskra Bar,Monday,16:00,2
0648da031599,Iskra Bar,Friday,14:00,2
794ec4ec76ea,Iskra Bar,Thursday,12:00,1
0a268450cbef,Бар Сибирь,Tuesday,13:30,2
e47ecaf4ebbe,Iskra Bar,Wednesday,16:00,1
d64e70c89897,Iskra Bar,Monday,12:00,2
b7b4db8acf29,Там Ем,Tuesday,12:30,4
c7b4de2614a2,Там Ем,Thursday,13:00,1
609a2f4ed99b,,Tuesday,13:30,2
3d1f5a2af0ff,Бар Сибирь,Monday,14:30,3
a04920ec28bd,Iskra Bar,Tuesday,15:00,1
5a4a41bd4103,Бар Сибирь,Thursday,14:00,1
ad4760d827f0,Там Ем,Wednesday,13:00,2
ae17913e41b1,Iskra Bar,Tuesday,13:30,2
bfc48891093f,Iskra Bar,Monday,14:30,1
89e00ee1f07f,Там Ем,Tuesday,15:00,2
1c2767cf047e,Бар Сибирь,Wednesday,12:00,4
4b68c245793f,Iskra Bar,Thursday,12:30,1
886118f2b57e,Iskra Bar,Monday,20:00,1
a379d993967f,Iskra Bar,Tuesday,19:30,1
9d26759453b2,Iskra Bar,Thursday,19:00,2
76689967bedb,Там Ем,Wednesday,18:00,3
c00d860dc4fe,Бар Сибирь,Thursday,15:00,1
63c1e5e21863,Iskra Bar,Tuesday,14:30,2
16eafbda4a8f,Iskra Bar,Thursday,16:00,1
005b2d0a74e2,Там Ем,Wednesday,14:30,1
589d3c09e246,Бар Сибирь,Monday,12:30,2
e674a91d5af6,Iskra Bar,Friday,15:00,2
bbf01864888f,Iskra Bar,Thursday,14:00,1
389beb177a10,Iskra Bar,Wednesday,17:00,1
9003458980f9,Iskra Bar,Sunday,12:00,2
ecb396488244,Iskra Bar,Saturday,14:00,1
bbdf77e7f2cb,Коворкафе,Tuesday,15:30,1
d02e1b122d02,Северия,Monday,15:00,2
7fae95569967,Крафтейнер,Wednesday,11:30,1
40eb9df8c1ea,Северия,Wednesday,17:30,1
e586049b2fe8,Северия,Wednesday,15:00,2
b3ec4f2ae865,Там Ем,Thursday,18:30,2
e03903fe3d89,Северия,Tuesday,18:00,1
05c046b3e03f,Там Ем,Wednesday,17:00,2
c6c8a1ba1ced,Азия,Thursday,11:00,1
3f51161f6224,Iskra Bar,Tuesday,17:30,1
07a838409706,Бар Сибирь,Monday,12:30,2
41c2f6975539,Там Ем,Monday,16:00,3
d2907199914e,Северия,Thursday,17:00,2
d6e596dc8209,Коворкафе,Wednesday,11:00,1
ab4c240af96c,Азия,Friday,18:00,1
c98bfc08a046,Там Ем,Wednesday,17:00,2
bff2519e4b60,Iskra Bar,Thursday,19:00,2
f895bb78140c,Крафтейнер,Tuesday,20:30,1
bf1cb5933021,Бар Сибирь,Wednesday,20:00,1
2f229e4063f7,Крафтейнер,Monday,13:00,2
150a70a25aee,Там Ем,Thursday,18:00,2
18f93c4b8d3c,Бар Сибирь,Monday,11:30,1
0f2a629e8266,Там Ем,Thursday,17:30,1
8d0788f86c7b,Бар Сибирь,Thursday,11:00,2
195bbb0d7731,Iskra Bar,Wednesday,18:30,2
8feccfc29563,Крафтейнер,Friday,13:00,1
0d1e753767d5,Крафтейнер,Wednesday,18:30,3
8d6d4317f5e7,Северия,Tuesday,12:30,1
ebf6c75c5f8d,Северия,Monday,18:00,2
edea354af572,Iskra Bar,Thursday,18:00,2
46313d837368,Бар Сибирь,Friday,12:00,1
99495c56e952,Там Ем,Wednesday,17:30,1
ac346d9a4f3d,Iskra Bar,Tuesday,12:30,2
7ea498040f57,Там Ем,Monday,17:30,1
f7cafc3e1e09,Бар Сибирь,Friday,15:30,2
3fb38b520e5c,Бар Сибирь,Wednesday,12:00,1
14b102b98f1f,Iskra Bar,Monday,17:00,2
5eefcc5ab231,Бар Сибирь,Friday,16:00,2
ab2597517856,Iskra Bar,Saturday,18:00,2
3e5af167ff92,Там Ем,Tuesday,17:00,1
9e61a570fbc8,Iskra Bar,Thursday,18:30,1
73b4669b56c8,Бар Сибирь,Wednesday,20:30,2
583ca680a628,Iskra Bar,Friday,20:00,1
bccdb23aa1ef,Там Ем,Tuesday,11:00,1
9b72ace42d44,Бар Сибирь,Wednesday,10:00,3
e5ab6abd5939,Iskra Bar,Monday,20:30,2
c9f723493fe3,Бар Сибирь,Saturday,20:00,1
d6dbba5558e9,Iskra Bar,Thursday,21:00,1
099fe6d4ab3a,Там Ем,Tuesday,19:30,2
58bf7321d6d7,Там Ем,Wednesday,19:00,1
8750ebeb421b,Там Ем,Monday,19:30,2
3b3632ffd353,,Tuesday,12:00,1
fe19c87aa84f,Бар Сибирь,Tuesday,17:00,2
ce5bf630ca6e,Крафтейнер,Wednesday,12:00,2
04bcc00d1d90,Iskra Bar,Tuesday,15:30,1
f9043e69fa48,Крафтейнер,Monday,15:00,1
8cdfde4f37f1,Там Ем,Wednesday,13:30,2
35e2c1c9d08a,Iskra Bar,Friday,11:00,1
448b7381c2df,Коворкафе,Thursday,16:30,2
5a4f1681e905,Северия,Wednesday,11:30,3
714083f8ca36,Северия,Tuesday,11:30,1
83737ac24399,Iskra Bar,Tuesday,12:00,2
53e0aa75cecd,Там Ем,Sunday,14:00,1
dd14295e82df,Там Ем,Wednesday,12:30,2
211a7d242f97,Бар Сибирь,Sunday,10:00,1
3f9917e90801,Крафтейнер,Tuesday,11:30,1
d6d2c216f0ec,Iskra Bar,Monday,17:30,1
6005321b653c,Там Ем,Wednesday,15:00,2
a65090f39f50,Iskra Bar,Saturday,12:00,2
21cdd6db33e6,Бар Сибирь,Thursday,12:30,1
7bd50f697254,Бар Сибирь,Wednesday,15:00,1
c0686b8b148a,Iskra Bar,Monday,13:30,2
2364481e6109,Там Ем,Monday,13:30,1
2c26d998575b,Бар Сибирь,Tuesday,15:30,2
2b2fd3bf4952,Там Ем,Wednesday,14:00,1
da3fa77a2371,,Tuesday,11:00,2
d174ee475428,Iskra Bar,Thursday,15:30,1
dc0dfc26d77e,Iskra Bar,Friday,11:30,2
b9303f39b0b4,Iskra Bar,Wednesday,17:00,1
2cab244b544f,Бар Сибирь,Tuesday,14:00,1
442432ea065b,Там Ем,Monday,14:00,2
4b136de2c16a,Iskra Bar,Saturday,11:30,2
9e46b91cc547,Бар Сибирь,Thursday,10:00,2
5ca79042c44d,Там Ем,Thursday,14:00,3
e0f9dfd1726c,Там Ем,Tuesday,17:30,1
401d5fa8e55d,Там Ем,Wednesday,20:30,1